PID,Name,Matches,Inn,NO,Runs,Best,Avg,BF,SR,100,50,4s,6s
290629,P Amarnath,14,4,3,1,1,1,3,33.33,0,0,0,0
26798,S Anirudha,70,60,12,1254,77,26.12,1007,124.52,0,7,119,47
319745,KB Arun Karthik,63,53,13,831,76,20.77,669,124.21,0,3,74,27
26421,R Ashwin,210,72,30,587,46,13.97,512,114.64,0,0,53,14
1083030,KM Asif,4,1,1,0,0,0,0,0,0,0,0,0
51433,S Badree,197,59,39,183,29,9.15,225,81.33,0,0,7,5
26806,S Badrinath,142,110,30,2300,71,28.75,2040,112.74,0,13,217,42
4451,GJ Bailey,184,167,40,3591,89,28.27,2779,129.21,0,20,307,102
26829,L Balaji,104,20,9,54,15,4.9,62,87.09,0,0,4,2
297628,SW Billings,156,146,20,2925,95,23.21,2247,130.17,0,16,248,87
4508,DE Bollinger,129,20,9,69,17,6.27,72,95.83,0,0,5,2
51439,DJ Bravo,410,336,94,5984,70,24.72,4705,127.18,0,20,391,285
447261,DL Chahar,38,21,8,148,39,11.38,104,142.3,0,0,8,10
28081,MS Dhoni,297,266,108,6075,79,38.44,4461,136.18,0,24,420,267
44828,F du Plessis,180,165,17,4063,119,27.45,3259,124.67,1,21,359,115
37000,SP Fleming,53,53,3,1157,64,23.14,949,121.91,0,6,156,22
12856,A Flintoff,39,36,6,683,93,22.76,478,142.88,0,3,63,31
28764,C Ganapathy,25,11,2,37,15,4.11,39,94.87,0,0,1,2
317293,MS Gony,85,48,15,466,42,14.12,303,153.79,0,0,31,29
29264,Harbhajan Singh,251,149,49,1501,78,15.01,1154,130.06,0,2,141,73
228622,JW Hastings,106,74,22,877,80,16.86,568,154.4,0,3,62,52
5616,ML Hayden,50,50,5,1632,93,36.26,1192,136.91,0,13,181,63
5941,BW Hilfenhaus,96,41,19,205,38,9.31,210,97.61,0,0,10,8
391485,JO Holder,84,59,16,638,54,14.83,498,128.11,0,1,47,32
5766,DJ Hussey,267,251,48,6097,100,30.03,4577,133.2,1,31,424,239
5939,MEK Hussey,161,149,27,4569,116,37.45,3658,124.9,1,35,423,121
40618,Imran Tahir,224,40,21,186,23,9.78,169,110.05,0,0,15,7
234675,RA Jadeja,212,150,51,2147,48,21.68,1746,122.96,0,0,151,73
290716,KM Jadhav,105,94,24,1664,69,23.77,1221,136.28,0,8,144,59
29655,SB Jakati,91,28,10,185,43,10.27,179,103.35,0,0,18,3
29976,Joginder Sharma,63,39,11,425,75,15.17,337,126.11,0,1,34,20
50438,S Randiv,62,30,10,354,55,17.7,255,138.82,0,1,34,9
209457,CK Kapugedera,119,107,12,1995,96,21,1536,129.88,0,7,146,87
45797,JM Kemp,101,80,29,1451,89,28.45,1166,124.44,0,4,92,71
49535,KMDN Kulasekara,112,56,19,395,31,10.67,329,120.06,0,0,24,16
315623,B Laughlin,124,34,13,107,22,5.09,119,89.91,0,0,5,4
37737,BB McCullum,356,351,33,9620,158,30.25,7011,137.21,7,51,902,473
31732,VY Mahesh,46,19,9,96,17,9.6,91,105.49,0,0,8,3
31001,M Manhas,91,72,18,1170,52,21.66,1119,104.55,0,1,102,21
424219,RG More,11,4,2,10,4,5,16,62.5,0,0,1,0
46248,JA Morkel,309,245,90,4069,73,26.25,2948,138.02,0,11,255,236
439952,CH Morris,149,92,43,1247,82,25.44,806,154.71,0,2,0,0
302582,A Mukund,35,33,6,728,68,26.96,660,110.3,0,3,67,7
49636,M Muralitharan,164,38,14,81,11,3.37,110,73.63,0,0,3,2
6981,DP Nannes,215,39,31,66,12,8.25,79,83.54,0,0,3,1
530773,P Negi,94,71,27,737,41,16.75,592,124.49,0,0,53,31
31820,A Nehra,132,28,15,69,22,5.3,102,67.64,0,0,4,3
542023,L Ngidi,49,4,3,8,4,8,10,80,0,0,0,0
46592,M Ntini,60,12,6,30,11,5,43,69.76,0,0,5,0
38062,JDP Oram,105,85,18,1111,66,16.58,881,126.1,0,4,80,55
447439,IC Pandey,55,15,4,69,19,6.27,56,123.21,0,0,7,2
32242,PA Patel,182,179,12,3820,82,22.87,3120,122.43,0,21,493,67
233514,NLTC Perera,242,204,57,2917,84,19.84,2006,145.41,0,6,206,157
33335,SK Raina,296,280,44,7929,126,33.59,5694,139.25,4,47,709,299
591650,AS Rajpoot,54,11,5,29,8,4.83,43,67.44,0,0,4,0
33141,AT Rayudu,195,184,24,4235,100,26.46,3362,125.96,1,23,360,148
279810,WP Saha,175,148,31,2840,115,24.27,2181,130.21,1,14,251,100
477021,V Shankar,59,45,15,818,69,27.26,648,126.23,0,4,55,29
30288,KV Sharma,119,82,24,1138,67,19.62,925,123.02,0,2,79,48
537119,MM Sharma,110,33,16,142,21,8.35,135,105.18,0,0,9,5
590327,DR Shorey,17,15,2,387,84,29.76,313,123.64,0,3,33,16
53118,DR Smith,326,318,26,7777,110,26.63,6094,127.61,5,46,750,372
232364,TG Southee,164,82,24,664,74,11.44,442,150.22,0,2,55,35
38407,SB Styris,201,186,30,4020,106,25.76,2987,134.58,2,13,264,195
475281,SN Thakur,54,12,4,54,15,6.75,43,125.58,0,0,5,1
49677,T Thushara,51,31,10,233,48,11.09,208,112.01,0,0,12,13
317784,S Tyagi,23,5,3,5,3,2.5,7,71.42,0,0,0,0
35619,S Vidyut,25,21,1,410,54,20.5,316,129.74,0,1,44,11
237095,M Vijay,154,152,5,3739,127,25.43,3076,121.55,2,20,347,133
8180,SR Watson,273,265,30,7010,124,29.82,5021,139.61,5,40,604,371
308251,DJ Willey,164,124,23,2516,118,24.91,1764,142.63,2,11,194,133
351588,MA Wood,22,11,5,73,17,12.16,82,89.02,0,0,5,0
26797,Anand Rajan,31,4,3,11,8,11,6,183.33,0,0,0,1
26252,Anirudh Singh,11,10,1,97,40,10.77,108,89.81,0,0,10,1
422992,Ankit Sharma,57,32,8,258,41,10.75,232,111.2,0,0,24,8
389605,A Ashish Reddy,74,59,15,614,37,13.95,477,128.72,0,0,34,28
27225,SB Bangar,33,28,3,381,67,15.24,306,124.5,0,2,35,17
26946,AA Bilakhia,19,19,3,377,80,23.56,350,107.71,0,3,44,3
27685,B Chipli,30,28,7,453,61,21.57,386,117.35,0,2,52,12
4864,DT Christian,246,210,49,3749,129,23.28,2722,137.72,2,12,240,183
236810,H Das,18,17,7,184,59,18.4,190,96.84,0,1,13,5
340063,KH Devdhar,51,50,2,1298,100,27.04,1079,120.29,1,6,148,27
28235,S Dhawan,220,219,25,6213,95,32.02,5052,122.98,0,47,703,141
44932,JP Duminy,246,230,71,6000,99,37.73,4926,121.8,0,41,437,201
51782,FH Edwards,93,30,14,102,11,6.37,118,86.44,0,0,7,3
45224,HH Gibbs,171,167,13,3895,101,25.29,3163,123.14,1,28,404,120
5390,AC Gilchrist,102,102,5,2622,109,27.03,1869,140.28,3,13,296,120
391128,Harmeet Singh,31,8,3,22,14,4.4,20,110,0,0,3,0
5583,DJ Harris,78,73,7,1965,108,29.77,1542,127.43,1,9,198,62
5779,RJ Harris,64,37,15,239,31,10.86,231,103.46,0,0,12,6
279554,IR Jaggi,58,57,14,1535,108,35.69,1262,121.63,1,9,164,34
376102,Jaskaran Singh,16,11,5,54,16,9,49,110.2,0,0,5,2
29702,AA Jhunjhunwala,38,32,6,472,54,18.15,454,103.96,0,2,37,8
30719,D Kalyankrishna,12,8,3,10,5,2,20,50,0,0,1,0
30750,VVS Laxman,25,25,3,491,78,22.31,428,114.71,0,3,57,8
16406,MJ Lumb,221,219,12,4972,124,24.01,3605,137.91,1,26,597,176
326637,CA Lynn,131,125,17,3558,101,32.94,2469,144.1,1,23,282,203
31088,I Malhotra,11,10,3,104,28,14.85,107,97.19,0,0,15,1
272450,MR Marsh,67,60,16,1365,77,31.02,1114,122.53,0,6,78,64
31107,A Mishra,199,89,37,721,49,13.86,740,97.43,0,0,68,7
31028,MD Mishra,48,47,3,899,84,20.43,675,133.18,0,3,115,26
24790,T Mishra,20,19,0,366,68,19.26,370,98.91,0,1,25,10
32130,PP Ojha,142,38,20,75,11,4.16,108,69.44,0,0,0,3
528967,V Pratap Singh,14,2,0,1,1,0.5,3,33.33,0,0,0,0
237701,DB Ravi Teja,69,62,12,1203,101,24.06,1086,110.77,1,4,111,28
376109,PA Reddy,57,56,6,1206,105,24.12,968,124.58,1,4,101,43
230553,KAJ Roach,46,13,5,59,12,7.37,52,113.46,0,0,3,3
430125,BB Samantray,54,50,7,837,102,19.46,737,113.56,1,3,70,21
50710,KC Sangakkara,264,257,23,6850,94,29.27,5417,126.45,0,42,732,136
327127,PM Sarvesh Kumar,2,1,1,1,1,0,2,50,0,0,0,0
42639,Shahid Afridi,282,244,30,3982,101,18.6,2564,155.3,1,9,294,227
236779,I Sharma,113,29,21,55,9,6.87,74,74.32,0,0,4,1
272994,R Sharma,74,35,9,131,14,5.03,133,98.49,0,0,10,5
34102,RG Sharma,292,280,45,7671,118,32.64,5745,133.52,6,52,666,320
317709,Shoaib Ahmed,8,3,1,1,1,0.5,6,16.66,0,0,0,0
50431,LPC Silva,70,66,8,1398,110,24.1,1156,120.93,1,3,121,39
35280,RP Singh,132,50,25,108,18,4.32,148,72.97,0,0,4,2
228943,S Sohal,34,29,0,550,62,18.96,474,116.03,0,2,54,23
47492,DW Steyn,188,57,24,275,27,8.33,248,110.88,0,0,22,8
34139,TP Sudhindra,27,15,9,75,13,12.5,79,94.93,0,0,5,0
34281,TL Suman,75,72,9,1546,100,24.53,1230,125.69,1,5,145,65
253798,B Sumanth,19,17,8,249,60,27.66,203,122.66,0,1,15,7
7702,A Symonds,93,85,19,2141,117,32.43,1453,147.35,2,12,194,83
223642,J Theron,120,49,25,228,31,9.5,212,107.54,0,0,13,8
50804,WPUJC Vaas,56,46,9,672,73,18.16,608,110.52,0,4,60,15
35805,Y Venugopal Rao,83,71,12,1390,71,23.55,1142,121.71,0,7,107,50
272949,DP Vijaykumar,18,6,4,12,6,6,10,120,0,0,1,1
8291,CL White,223,214,48,5268,141,31.73,4145,127.09,2,35,366,220
36110,AS Yadav,19,15,1,198,44,14.14,178,111.23,0,0,17,7
51050,DNT Zoysa,17,14,4,203,41,20.3,172,118.02,0,0,27,3
317292,S Ladda,13,3,1,5,5,2.5,12,41.66,0,0,1,0
327123,AR Bawne,22,21,5,488,90,30.5,393,124.17,0,3,45,16
360911,VR Aaron,65,23,13,105,17,10.5,140,75,0,0,10,2
1070183,Abhishek Sharma,3,3,2,63,46,63,33,190.9,0,0,3,5
26184,AB Agarkar,62,35,15,286,39,14.3,228,125.43,0,0,23,8
398438,MA Agarwal,111,106,6,2340,111,23.4,1789,130.79,1,15,236,82
277662,CJ Anderson,124,108,22,2390,95,27.79,1672,142.94,0,10,157,143
694211,Avesh Khan,12,1,1,0,0,0,0,0,0,0,0,0
26907,R Bhatia,140,89,37,1149,107,22.09,973,118.08,1,1,77,41
4292,TR Birt,109,105,9,2188,94,22.79,1696,129,0,9,179,96
44149,J Botha,205,148,47,1961,67,19.41,1733,113.15,0,2,0,0
277912,TA Boult,88,19,11,36,5,4.5,59,61.01,0,0,0,0
362541,DAJ Bracewell,50,33,14,525,37,27.63,358,146.64,0,0,28,30
457249,CR Brathwaite,131,95,23,1300,64,18.05,885,146.89,0,1,75,93
446499,UBT Chand,67,65,4,1325,125,21.72,1153,114.91,3,3,125,55
10772,PD Collingwood,148,131,16,2478,108,21.54,2040,121.47,1,9,167,86
261354,NM Coulter-Nile,90,51,21,417,42,13.9,332,125.6,0,0,27,26
489889,PJ Cummins,69,37,15,293,39,13.31,239,122.59,0,0,16,14
545467,CJ Dala,55,10,4,46,18,7.66,45,102.22,0,0,5,1
379143,Q de Kock,141,135,10,3960,126,31.68,2957,133.91,3,20,435,141
44936,AB de Villiers,251,233,45,6649,133,35.36,4495,147.91,3,45,549,299
48472,TM Dilshan,221,217,25,5193,104,27.04,4228,122.82,1,34,633,110
227712,AB Dinda,133,33,14,82,22,4.31,120,68.33,0,0,5,0
5334,AJ Finch,239,234,27,7545,172,36.44,5249,143.74,6,52,738,313
28763,G Gambhir,251,245,24,6402,93,28.96,5309,120.58,0,53,747,90
302208,CM Gautam,48,41,11,511,53,17.03,469,108.95,0,1,49,13
5472,B Geeves,14,7,1,133,28,22.16,98,135.71,0,0,9,6
271315,Sunny Gupta,17,9,1,54,22,6.75,56,96.42,0,0,8,1
5961,MC Henriques,176,157,37,3219,77,26.82,2557,125.88,0,15,258,89
5702,JR Hopes,93,79,14,1468,71,22.58,1183,124.09,0,10,167,22
45705,CA Ingram,202,197,29,5186,114,30.86,3724,139.25,3,32,458,243
642519,SS Iyer,75,74,9,1868,96,28.73,1452,128.65,0,14,170,74
49289,DPMD Jayawardene,222,214,27,5479,116,29.29,4150,132.02,3,36,634,136
390480,MC Juneja,42,40,8,949,108,29.65,745,127.38,1,4,93,17
30045,KD Karthik,254,226,40,5055,90,27.17,3824,132.19,0,25,500,145
326017,S Kaul,85,28,19,66,8,7.33,76,86.84,0,0,4,0
30102,Z Khan,138,49,27,191,26,8.68,221,86.42,0,0,17,3
960361,S Lamichhane,12,3,3,6,4,0,8,75,0,0,0,0
6553,AB McDonald,93,81,26,1743,96,31.69,1401,124.41,0,11,134,42
6565,GD McGrath,19,5,2,9,5,3,18,50,0,0,1,0
49638,MF Maharoof,99,73,20,948,55,17.88,804,117.91,0,1,66,37
49764,AD Mathews,153,130,35,2435,81,25.63,2021,120.48,0,9,171,77
325026,GJ Maxwell,219,207,24,4606,145,25.16,2961,155.55,2,23,388,239
49700,BMAJ Mendis,138,115,25,1970,67,21.88,1638,120.26,0,3,139,70
41411,Mohammad Asif,35,7,4,13,5,4.33,15,86.66,0,0,2,0
481896,Mohammed Shami,65,20,9,65,21,5.9,65,100,0,0,6,2
46538,M Morkel,174,48,25,207,23,9,183,113.11,0,0,16,7
232359,C Munro,199,186,27,4845,109,30.47,3298,146.9,4,28,385,268
528985,DJ Muthuswami,27,8,5,11,4,3.66,21,52.38,0,0,0,0
31872,S Nadeem,109,42,14,244,36,8.71,275,88.72,0,0,16,6
317786,Y Nagar,49,37,9,561,44,20.03,511,109.78,0,0,40,16
398439,KK Nair,103,95,8,2170,111,24.94,1656,131.03,2,12,221,69
355269,JDS Neesham,94,73,21,1337,59,25.71,970,137.83,0,4,96,59
32102,NV Ojha,170,150,20,2706,94,20.81,2301,117.6,0,13,237,127
931581,RR Pant,58,58,6,1856,128,35.69,1132,163.95,2,13,175,100
265564,WD Parnell,190,108,44,1234,99,19.28,1016,121.45,0,3,107,37
390481,HV Patel,77,44,14,392,73,13.06,270,145.18,0,1,29,26
32685,IK Pathan,172,135,51,1916,65,22.8,1537,124.65,0,2,140,67
19296,KP Pietersen,200,193,25,5695,115,33.89,4160,136.89,3,35,495,220
19264,LE Plunkett,136,82,33,754,41,15.38,567,132.98,0,0,54,25
550215,K Rabada,45,14,6,73,44,9.12,91,80.21,0,0,6,1
7547,BJ Rohrer,103,90,26,1677,64,26.2,1260,133.09,0,3,120,53
298438,JJ Roy,185,181,9,4766,122,27.7,3262,146.1,4,31,520,187
276298,AD Russell,268,222,54,4107,121,24.44,2454,167.35,2,13,283,302
34264,AM Salvi,19,2,2,16,10,0,23,69.56,0,0,0,0
425943,SV Samson,130,124,12,3011,102,26.88,2421,124.37,1,20,234,121
52983,MN Samuels,187,181,38,4571,106,31.96,3876,117.93,2,29,388,191
499660,GS Sandhu,35,10,4,37,11,6.16,40,92.5,0,0,3,1
279545,PJ Sangwan,88,41,20,235,29,11.19,215,109.3,0,0,22,7
35263,V Sehwag,159,157,6,4061,122,26.89,2747,147.83,2,24,487,147
1070168,PP Shaw,9,9,0,245,65,27.22,160,153.12,0,2,27,10
42657,Shoaib Malik,324,304,83,8162,95,36.93,6510,125.37,0,48,632,247
34019,LR Shukla,81,64,16,994,76,20.7,824,120.63,0,3,72,40
390547,R Shukla,29,15,8,60,17,8.57,56,107.14,0,0,4,2
34118,S Sriram,15,14,3,233,39,21.18,234,99.57,0,0,16,2
333904,AP Tare,84,76,13,1689,79,26.8,1280,131.95,0,8,181,52
38699,LRPL Taylor,257,241,60,5698,111,31.48,4282,133.06,1,29,394,277
423838,R Tewatia,25,18,6,303,42,25.25,206,147.08,0,0,29,12
35565,MK Tiwary,160,141,39,3055,75,29.95,2613,116.91,0,15,255,77
35390,SS Tiwary,136,118,30,2582,69,29.34,2123,121.62,0,11,199,98
390484,JD Unadkat,110,35,18,256,39,15.05,201,127.36,0,0,16,13
47850,RE van der Merwe,189,140,43,2109,89,21.74,1597,132.06,0,8,188,82
38710,DL Vettori,143,90,25,1041,57,16.01,870,119.65,0,1,88,25
230193,MS Wade,100,83,17,1479,80,22.4,1193,123.97,0,7,107,48
219889,DA Warner,252,251,27,7888,135,35.21,5539,142.4,6,60,784,323
447587,J Yadav,40,27,12,252,31,16.8,222,113.51,0,0,14,9
376116,UT Yadav,130,37,21,130,24,8.12,120,108.33,0,0,9,7
36084,Yuvraj Singh,223,208,27,4686,83,25.88,3632,129.01,0,26,368,253
500360,AD Nath,51,46,13,774,80,23.45,631,122.66,0,3,62,23
1079668,SS Agarwal,6,4,1,108,51,36,91,118.68,0,1,3,5
1083128,Ankit Soni,7,3,1,7,7,3.5,9,77.77,0,0,0,1
732291,Basil Thampi,43,11,9,33,13,16.5,38,86.84,0,0,1,1
340841,ER Dwivedi,47,39,12,923,89,34.18,743,124.22,0,4,95,27
270484,JP Faulkner,174,130,55,1651,73,22.01,1347,122.56,0,1,80,60
720471,Ishan Kishan,55,52,0,1194,67,22.96,924,129.22,0,6,119,53
917213,S Kaushik,10,2,1,0,0,0,1,0,0,0,0,0
277955,DS Kulkarni,118,36,22,178,28,12.71,179,99.44,0,0,12,4
30732,P Kumar,177,86,30,687,76,12.26,594,115.65,0,1,52,31
32965,MM Patel,97,20,13,46,23,6.57,52,88.46,0,0,5,0
853259,NB Singh,16,4,2,1,1,0.5,5,20,0,0,0,0
587152,PV Tambe,61,13,9,38,14,9.5,72,52.77,0,0,1,1
1082859,Tejas Baroka,3,0,0,0,0,0,0,0,0,0,0,0
459508,AJ Tye,105,43,16,303,42,11.22,258,117.44,0,0,17,17
297583,KJ Abbott,118,42,23,231,29,12.15,212,108.96,0,0,15,7
224367,YA Abdulla,55,8,5,26,16,8.66,37,70.27,0,0,1,1
26236,L Ablish,22,4,4,6,4,0,12,50,0,0,0,0
43906,HM Amla,139,138,14,4121,104,33.23,3199,128.82,2,27,439,89
376324,Anureet Singh,57,28,14,172,32,12.28,165,104.24,0,0,11,7
323131,P Awana,61,13,8,22,8,4.4,43,51.16,0,0,2,1
39024,Azhar Mahmood,230,207,47,4091,106,25.56,3023,135.32,2,18,383,138
274926,AB Barath,44,44,4,966,68,24.15,907,106.5,0,6,91,26
44410,F Behardien,156,130,53,2865,72,37.2,2133,134.31,0,11,175,114
433410,BA Bhatt,46,12,5,75,20,10.71,61,122.95,0,0,6,3
35928,Bipul Sharma,88,65,24,871,79,21.24,634,137.38,0,2,57,38
27280,MS Bisla,65,64,3,1324,92,21.7,1196,110.7,0,6,143,35
10582,RS Bopara,309,285,57,6210,105,27.23,5162,120.3,1,31,483,177
27572,RR Bose,11,3,1,7,7,3.5,5,140,0,0,1,0
777537,KC Cariappa,17,6,3,21,12,7,26,80.76,0,0,0,1
32966,PP Chawla,208,120,40,1151,45,14.38,944,121.92,0,0,98,42
337916,SD Chitnis,34,28,10,510,89,28.33,333,153.15,0,1,38,27
28067,P Dharmani,11,7,2,47,16,9.4,42,111.9,0,0,4,0
290727,R Dhawan,76,60,28,992,65,31,869,114.15,0,2,91,15
28160,P Dogra,68,66,12,1374,93,25.44,1246,110.27,0,6,96,45
28758,Gagandeep Singh,14,2,0,24,15,12,27,88.88,0,0,1,0
51880,CH Gayle,353,345,46,12052,175,40.3,8127,148.29,21,75,919,890
28997,K Goel,44,39,5,679,82,19.97,739,91.88,0,3,57,18
226492,MJ Guptill,213,208,19,6167,120,32.62,4810,128.21,4,40,534,265
537124,Gurkeerat Singh,78,67,12,1150,93,20.9,934,123.12,0,5,126,32
379927,BE Hendricks,48,8,5,21,12,7,31,67.74,0,0,0,1
506612,MJ Henry,76,42,15,357,42,13.22,219,163.01,0,0,22,25
6033,MG Johnson,112,52,27,320,30,12.8,304,105.26,0,0,23,10
29990,M Kaif,75,68,11,1237,70,21.7,1201,102.99,0,7,117,26
322535,Karanveer Singh,15,6,4,36,17,18,54,66.66,0,0,3,0
30049,M Kartik,147,46,21,320,35,12.8,290,110.34,0,0,28,5
6128,SM Katich,118,101,19,2483,75,30.28,1961,126.61,0,10,251,49
30235,U Kaul,9,3,2,13,9,13,10,130,0,0,3,0
331855,T Kohli,26,23,9,141,22,10.07,199,70.85,0,0,6,3
6278,B Lee,120,56,26,416,48,13.86,317,131.23,0,0,30,22
46393,R McLaren,177,126,53,1656,77,22.68,1403,118.03,0,3,139,33
31738,VS Malik,41,18,3,189,48,12.6,167,113.17,0,0,20,5
398506,Mandeep Singh,136,122,19,2677,84,25.99,2141,125.03,0,11,288,63
6683,SE Marsh,166,163,23,5491,115,39.22,4269,128.62,2,42,536,174
16932,AD Mascarenhas,130,100,29,1356,57,19.09,1065,127.32,0,3,90,52
321777,DA Miller,265,240,76,5929,120,36.15,4265,139.01,3,27,432,258
24598,EJG Morgan,260,246,32,5518,90,25.78,4316,127.84,0,28,430,233
31041,WA Mota,21,17,2,228,50,15.2,249,91.56,0,1,19,3
974109,Mujeeb Ur Rahman,46,14,8,51,16,8.5,55,92.72,0,0,5,2
554700,NS Naik,26,25,3,562,70,25.54,436,128.89,0,4,39,23
802575,T Natarajan,11,1,0,2,2,2,5,40,0,0,0,0
32091,AM Nayar,95,80,20,1291,79,21.51,1043,123.77,0,3,107,49
376169,MG Neser,48,30,13,290,40,17.05,253,114.62,0,0,19,8
554691,AR Patel,101,74,23,1034,44,20.27,785,131.71,0,0,62,47
232284,LA Pomersbach,56,54,7,1228,112,26.12,946,129.8,1,5,122,46
32391,RR Powar,28,11,7,72,28,18,70,102.85,0,0,7,1
32540,CA Pujara,58,50,7,1096,81,25.48,1042,105.18,0,6,121,18
422108,KL Rahul,89,78,14,2464,110,38.5,1764,139.68,2,17,218,101
7443,NJ Rimmington,96,37,18,203,26,10.68,193,105.18,0,0,10,6
34155,P Sahu,15,11,4,134,27,19.14,118,113.55,0,0,9,4
274785,N Saini,50,46,4,754,74,17.95,742,101.61,0,3,69,6
438362,Sandeep Sharma,94,23,18,61,13,12.2,68,89.7,0,0,5,0
52969,RR Sarwan,77,71,9,1197,70,19.3,1153,103.81,0,5,84,28
33870,R Sathish,67,53,15,722,41,19,560,128.92,0,0,62,23
717201,Shivam Sharma,8,4,1,17,12,5.66,18,94.44,0,0,3,0
35281,VRV Singh,33,6,3,39,22,13,31,125.8,0,0,3,1
34078,RS Sodhi,14,10,1,45,12,5,55,81.81,0,0,3,0
537126,BB Sran,37,14,10,56,19,14,47,119.14,0,0,6,1
34274,S Sreesanth,60,20,12,73,19,9.12,95,76.84,0,0,13,0
34245,SJ Srivastava,22,7,4,6,3,2,7,85.71,0,0,0,0
35401,TM Srivastava,28,22,3,420,84,22.1,368,114.13,0,2,42,7
325012,MP Stoinis,68,55,12,906,99,21.06,756,119.84,0,3,69,26
35282,Sunny Singh,33,32,6,599,74,23.03,502,119.32,0,4,66,12
232292,Swapnil Singh,38,28,12,343,44,21.43,268,127.98,0,0,21,17
35630,PC Valthaty,34,34,1,778,120,23.57,615,126.5,1,3,106,24
532856,M Vohra,86,82,4,2034,95,26.07,1597,127.36,0,11,209,65
26206,B Akhil,35,26,8,321,35,17.83,216,148.61,0,0,30,12
28830,Y Gnaneswara Rao,23,21,2,429,71,22.57,346,123.98,0,3,27,18
28846,RV Gomez,60,52,18,770,62,22.64,592,130.06,0,2,63,32
5674,BJ Hodge,277,261,60,7406,106,36.84,5641,131.28,2,48,709,248
6161,M Klinger,180,174,24,5428,126,36.18,4354,124.66,7,32,501,137
279562,P Parameswaran,34,10,8,15,13,7.5,20,75,0,0,2,0
32211,P Prasanth,49,37,19,316,43,17.55,239,132.21,0,0,22,17
20123,OA Shah,230,217,49,5509,84,32.79,4406,125.03,0,30,423,215
35731,R Vinay Kumar,164,81,31,755,68,15.1,601,125.62,0,1,53,30
36326,SE Bond,40,14,6,32,8,4,31,103.22,0,0,2,1
44111,MV Boucher,90,76,27,1378,60,28.12,1194,115.41,0,4,103,39
277472,DM Bravo,126,114,29,2754,94,32.4,2301,119.68,0,15,175,147
27639,A Chopra,21,19,1,334,72,18.55,366,91.25,0,1,28,1
550235,TK Curran,65,34,11,406,51,17.65,322,126.08,0,1,37,11
328163,DB Das,56,43,17,720,78,27.69,550,130.9,0,2,57,33
55395,C de Grandhomme,171,150,40,2744,72,24.94,1647,166.6,0,8,201,169
393279,M de Lange,75,27,13,159,27,11.35,119,133.61,0,0,14,5
28779,SC Ganguly,77,73,4,1726,91,25.01,1613,107,0,8,184,51
28792,RS Gavaskar,10,8,1,113,47,16.14,114,99.12,0,0,16,1
220435,AN Ghosh,20,18,4,263,67,18.78,263,100,0,1,20,2
302579,SP Goswami,78,68,5,1562,82,24.79,1432,109.07,0,8,164,26
5560,BJ Haddin,97,91,13,1747,76,22.39,1384,126.22,0,10,144,67
340854,Harpreet Singh,52,49,8,1248,92,30.43,1091,114.39,0,9,93,38
5681,GB Hogg,141,47,24,351,54,15.26,333,105.4,0,1,18,8
277237,Iqbal Abdulla,88,32,18,177,33,12.64,184,96.19,0,0,12,4
237696,SP Jackson,41,40,3,726,73,19.62,698,104.01,0,3,78,19
45789,JH Kallis,176,171,28,4416,97,30.88,3927,112.45,0,32,437,100
559235,Kuldeep Yadav,76,14,8,90,17,15,102,88.23,0,0,8,0
45963,CK Langeveldt,110,21,13,82,14,10.25,96,85.41,0,0,6,2
56007,Mashrafe Mortaza,136,88,21,908,56,13.55,687,132.16,0,1,59,56
268739,BAW Mendis,126,46,17,197,27,6.79,233,84.54,0,0,15,6
41434,Mohammad Hafeez,248,234,21,5244,102,24.61,4286,122.35,2,30,561,158
230558,SP Narine,299,157,39,1694,79,14.35,1152,147.04,0,6,154,101
32084,S Narwal,33,21,8,277,42,21.3,170,162.94,0,0,20,15
290630,MK Pandey,197,182,35,4166,114,28.34,3504,118.89,1,20,351,112
240734,MB Parmar,7,5,2,12,7,4,12,100,0,0,1,0
32498,YK Pathan,247,219,54,4561,100,27.64,3199,142.57,1,21,360,232
7133,RT Ponting,48,43,3,909,98,22.72,819,110.98,0,5,75,25
917159,M Prasidh Krishna,10,2,2,1,1,0,5,20,0,0,0,0
604527,N Rana,62,57,6,1393,97,27.31,1027,135.63,0,8,116,73
42683,Salman Butt,69,66,12,2015,99,37.31,1759,114.55,0,15,258,29
34402,SS Sarkar,5,0,0,0,0,0,0,0,0,0,0,0
230554,JPR Scantlebury-Searles,48,31,10,225,29,10.71,210,107.14,0,0,20,10
273439,SMSM Senanayake,93,46,18,276,20,9.85,295,93.55,0,0,16,7
377437,SS Shaikh,18,17,1,405,110,25.31,334,121.25,1,2,32,13
56143,Shakib Al Hasan,277,252,42,4350,86,20.71,3558,122.25,0,15,401,112
1079848,Shivam Mavi,9,4,1,13,7,4.33,15,86.66,0,0,1,0
42655,Shoaib Akhtar,38,19,5,75,14,5.35,76,98.68,0,0,4,5
1070173,Shubman Gill,13,11,5,203,57,33.83,139,146.04,0,1,22,5
723105,RK Singh,31,29,6,404,37,17.56,312,129.48,0,0,39,11
55805,T Taibu,48,45,10,887,89,25.34,834,106.35,0,5,63,13
47660,RN ten Doeschate,320,282,63,6416,121,29.29,4757,134.87,2,27,397,270
43524,Umar Gul,148,76,19,492,32,8.63,467,105.35,0,0,31,28
35582,RV Uthappa,232,225,20,5898,92,28.77,4383,134.56,0,33,603,205
47711,MN van Wyk,138,131,16,3629,114,31.55,2905,124.92,1,25,401,88
247235,CR Woakes,111,69,36,803,57,24.33,590,136.1,0,2,65,28
446507,SA Yadav,112,95,26,1836,72,26.6,1361,134.9,0,7,174,67
36130,Yashpal Singh,51,47,4,1056,58,24.55,1029,102.62,0,6,102,13
228430,AN Ahmed,61,30,11,185,20,9.73,148,125,0,0,11,10
27223,STR Binny,131,101,29,1371,49,19.04,1099,124.74,0,0,99,51
4498,AC Blizzard,98,94,11,2043,89,24.61,1541,132.57,0,10,226,64
625383,JJ Bumrah,128,20,13,69,16,9.85,76,90.78,0,0,4,3
308967,JC Buttler,234,213,41,5124,95,29.79,3545,144.54,0,33,425,215
430246,YS Chahal,133,24,16,47,10,5.87,73,64.38,0,0,1,0
230371,BCJ Cutting,113,89,23,1409,71,21.34,932,151.18,0,1,75,95
574178,A Dananjaya,55,19,9,73,28,7.3,89,82.02,0,0,4,1
388678,BR Dunk,82,79,3,1794,96,23.6,1392,128.87,0,9,172,53
48835,CRD Fernando,54,20,10,47,21,4.7,51,92.15,0,0,6,0
37004,JEC Franklin,233,210,51,4372,90,27.49,3505,124.73,0,15,274,180
344580,S Gopal,27,12,3,153,39,17,133,115.03,0,0,11,4
45782,DJ Jacobs,83,80,14,1707,74,25.86,1452,117.56,0,8,142,60
49209,ST Jayasuriya,111,109,7,2317,114,22.71,1654,140.08,1,12,252,114
30220,MA Khote,11,7,2,147,72,29.4,107,137.38,0,1,12,6
46148,RE Levi,198,189,12,5070,117,28.64,3501,144.81,3,33,522,245
431901,E Lewis,111,109,4,3226,125,30.72,2236,144.27,3,23,263,216
319439,MJ McClenaghan,166,61,30,207,20,6.67,170,121.76,0,0,13,12
6903,CJ McKay,115,48,22,299,21,11.5,259,115.44,0,0,15,13
31104,C Madan,20,17,4,311,69,23.92,282,110.28,0,2,30,6
49758,SL Malinga,263,79,33,357,37,7.76,349,102.29,0,0,23,19
1081442,M Markande,18,8,6,22,7,11,26,84.61,0,0,2,0
55988,Mohammad Ashraful,64,60,4,1300,103,23.21,1106,117.54,1,4,140,27
26490,AG Murtaza,33,11,5,119,39,19.83,138,86.23,0,0,10,1
330902,Mustafizur Rahman,73,22,13,31,8,3.44,67,46.26,0,0,1,2
32093,C Nanda,20,5,2,20,13,6.66,20,100,0,0,2,0
17991,GR Napier,137,96,19,1206,152,15.66,813,148.33,1,0,95,76
46569,A Nel,56,28,13,155,19,10.33,113,137.16,0,0,11,8
625371,HH Pandya,114,94,29,1705,86,26.23,1293,131.86,0,6,112,91
471342,KH Pandya,65,51,15,988,86,27.44,667,148.12,0,2,87,41
32305,RV Pawar,8,4,1,7,3,2.33,14,50,0,0,0,0
46750,RJ Peterson,141,97,22,1231,72,16.41,1103,111.6,0,3,125,28
230559,KA Pollard,434,390,107,8531,104,30.14,5669,150.48,1,42,549,551
46774,SM Pollock,46,34,7,569,59,21.07,401,141.89,0,1,45,28
55698,RW Price,68,25,13,87,14,7.25,110,79.09,0,0,7,1
277916,AM Rahane,176,169,19,4537,103,30.24,3828,118.52,1,34,465,85
290713,RR Raje,30,13,6,27,11,3.85,28,96.42,0,0,2,1
7502,L Ronchi,184,168,19,3632,102,24.37,2372,153.11,1,20,357,167
314622,K Santokie,108,37,17,178,22,8.9,189,94.17,0,0,10,11
34282,PR Shah,54,37,7,461,71,15.36,417,110.55,0,2,47,8
279460,RA Shaikh,1,0,0,0,0,0,0,0,0,0,0,0
53116,LMP Simmons,219,216,22,5649,100,29.11,4877,115.82,1,43,533,226
527663,J Suchith,31,15,6,102,34,11.33,88,115.9,0,0,6,4
431213,P Suyal,17,2,1,0,0,0,5,0,0,0,0,0
35357,YV Takawale,32,26,3,672,89,29.21,614,109.44,0,4,64,18
35320,SR Tendulkar,96,96,11,2797,100,32.9,2310,121.08,1,16,359,38
8002,DJ Thornely,57,50,13,778,67,21.02,660,117.87,0,3,43,28
307448,VS Yeligati,4,2,1,6,4,6,5,120,0,0,1,0
262533,UA Birla,29,24,2,530,56,24.09,491,107.94,0,1,45,16
4578,MJ Clarke,46,40,5,737,67,21.05,681,108.22,0,1,57,12
5236,CJ Ferguson,93,85,11,1865,102,25.2,1510,123.5,1,8,150,36
391121,Kamran Khan,11,3,2,22,19,22,18,122.22,0,0,2,0
326016,B Kumar,143,50,23,239,24,8.85,242,98.76,0,0,20,4
37749,NL McCullum,173,135,37,1618,76,16.51,1285,125.91,0,4,109,64
31750,AP Majumdar,32,26,3,423,43,18.39,418,101.19,0,0,54,2
279862,SS Mundhe,29,24,6,181,42,10.05,152,119.07,0,0,12,6
7252,TD Paine,80,74,3,1637,91,23.05,1335,122.62,0,10,161,44
378496,Parvez Rasool,46,38,5,553,52,16.75,571,96.84,0,1,47,11
33757,S Rana,42,38,9,654,62,22.55,587,111.41,0,2,54,18
33440,M Rawat,62,54,20,1153,72,33.91,940,122.65,0,9,111,25
272262,KW Richardson,76,25,8,228,45,13.41,194,117.52,0,0,12,10
38373,JD Ryder,148,143,8,3460,107,25.62,2382,145.25,1,25,378,150
47270,GC Smith,86,86,6,2389,105,29.86,1941,123.08,1,11,293,51
267192,SPD Smith,162,143,32,3309,101,29.81,2637,125.48,1,12,286,77
53191,JE Taylor,101,41,19,228,21,10.36,194,117.52,0,0,16,12
47569,AC Thomas,225,69,35,410,30,12.05,384,106.77,0,0,40,7
431876,K Upadhyay,21,10,6,19,11,4.75,24,79.16,0,0,1,1
279552,SB Wagh,44,31,15,220,27,13.75,214,102.8,0,0,13,6
23460,LJ Wright,300,279,26,7199,153,28.45,4996,144.09,7,38,738,274
669855,JC Archer,66,40,20,330,36,16.5,243,135.8,0,0,29,9
26782,SA Asnodkar,73,73,3,1699,75,24.27,1368,124.19,0,13,188,43
4541,LA Carseldine,26,24,5,596,74,31.36,476,125.21,0,4,52,8
27783,A Chandila,28,13,5,151,57,18.87,143,105.59,0,1,7,10
337913,AA Chavan,26,13,4,154,44,17.11,120,128.33,0,0,8,7
500135,P Chopra,29,29,4,814,99,32.56,718,113.37,0,6,81,17
371814,KK Cooper,164,100,41,753,42,12.76,542,138.92,0,0,52,42
236694,AP Dole,3,2,0,34,30,17,22,154.54,0,0,3,1
12440,ND Doshi,52,10,5,10,5,2,34,29.41,0,0,1,0
28114,R Dravid,109,101,7,2586,75,27.51,2271,113.87,0,13,311,34
28671,FY Fazal,56,54,2,1046,66,20.11,995,105.12,0,3,99,16
424377,K Gowtham,42,35,7,436,60,15.57,258,168.99,0,2,39,25
422847,Harmeet Singh,1,0,0,0,0,0,0,0,0,0,0,0
5605,SM Harwood,40,14,8,101,20,16.83,76,132.89,0,0,5,5
45434,T Henderson,84,74,10,1289,85,20.14,902,142.9,0,7,109,59
497121,DJ Hooda,88,71,15,1189,108,21.23,849,140.04,1,5,73,56
41028,Kamran Akmal,224,207,19,5106,150,27.15,3856,132.41,4,35,576,173
436757,H Klaasen,55,50,16,1140,77,33.52,791,144.12,0,6,74,50
6285,DS Lehmann,17,17,4,381,48,29.3,323,117.95,0,0,43,2
853265,MK Lomror,20,20,3,412,74,24.23,342,120.46,0,2,35,11
6513,DR Martyn,6,6,0,175,96,29.16,117,149.57,0,1,17,6
371150,AL Menaria,55,46,4,748,52,17.8,653,114.54,0,1,53,34
32973,Pankaj Singh,47,21,10,61,10,5.54,86,70.93,0,0,1,2
32240,NK Patel,37,34,6,957,96,34.17,804,119.02,0,6,105,16
324444,AG Paunikar,22,22,1,421,78,20.04,376,111.96,0,1,54,8
300631,MDKJ Perera,89,86,4,1979,84,24.13,1488,132.99,0,17,185,83
211854,RJ Quiney,82,76,3,1349,97,18.47,1106,121.97,0,7,118,57
230593,AS Raut,43,27,7,386,43,19.3,353,109.34,0,0,28,11
432783,Sachin Baby,63,48,5,913,79,21.23,700,130.42,0,3,83,22
278482,D Salunkhe,6,3,1,33,26,16.5,24,137.5,0,0,5,0
308798,DJM Short,41,41,3,1346,122,35.42,977,137.76,1,10,134,55
26789,A Singh,30,8,2,13,5,2.16,24,54.16,0,0,2,0
559066,IS Sodhi,118,36,18,196,51,10.88,179,109.49,0,1,15,8
43265,Sohail Tanvir,293,189,58,2177,60,16.61,1803,120.74,0,2,160,101
311158,BA Stokes,111,101,15,2134,103,24.81,1572,135.75,1,8,167,94
8076,SW Tait,171,53,25,163,26,5.82,201,81.09,0,0,8,7
446763,RA Tripathi,43,43,7,863,93,23.97,651,132.56,0,3,78,34
35353,SK Trivedi,103,23,11,71,12,5.91,77,92.2,0,0,5,1
35586,A Uniyal,4,3,2,18,14,18,24,75,0,0,1,0
8119,AC Voges,180,168,37,4064,82,31.02,3203,126.88,0,19,343,67
8166,SK Warne,73,32,10,210,34,9.54,228,92.1,0,0,15,7
36071,DH Yagnik,56,46,11,662,70,18.91,566,116.96,0,3,70,18
43652,Younis Khan,83,78,17,1864,71,30.55,1589,117.3,0,10,144,37
528067,M Ashwin,32,11,3,74,34,9.25,88,84.09,0,0,3,2
446548,SM Boland,30,10,7,28,8,9.33,27,103.7,0,0,2,0
1064812,RD Chahar,7,4,2,10,4,5,17,58.82,0,0,0,0
493773,LH Ferguson,39,11,7,23,8,5.75,34,67.64,0,0,1,0
334337,PSP Handscomb,52,44,12,698,103,21.81,615,113.49,1,2,49,17
215155,UT Khawaja,65,64,5,1870,109,31.69,1472,127.03,2,9,226,31
719715,Washington Sundar,34,21,8,264,35,20.3,215,122.79,0,0,26,7
379504,A Zampa,97,36,13,119,15,5.17,140,85,0,0,10,1
398666,SA Abbott,64,42,9,318,39,9.63,302,105.29,0,0,20,11
56283,Abdur Razzak,87,43,18,200,36,8,237,84.38,0,0,12,6
8917,MM Ali,126,118,9,2583,115,23.69,1915,134.88,1,13,274,91
269170,KP Appanna,24,6,5,13,9,13,10,130,0,0,2,0
290632,S Aravind,84,27,18,105,14,11.66,105,100,0,0,11,0
26291,J Arunkumar,7,7,0,79,31,11.28,78,101.28,0,0,13,1
27150,RR Bhatkal,20,14,5,86,25,9.55,84,102.38,0,0,5,2
236766,R Bishnoi,42,38,2,650,75,18.05,457,142.23,0,4,43,42
51469,S Chanderpaul,81,78,11,1576,87,23.52,1490,105.77,0,8,164,27
527299,A Choudhary,39,15,8,59,15,8.42,66,89.39,0,0,5,1
44938,D du Preez,86,62,28,682,46,20.05,522,130.65,0,0,31,34
530011,TM Head,69,67,12,1745,101,31.72,1275,136.86,1,8,119,77
29646,W Jaffer,23,23,1,616,95,28,477,129.14,0,6,75,11
288992,CJ Jordan,134,84,36,811,45,16.89,675,120.14,0,0,58,30
29725,SB Joshi,15,9,5,78,32,19.5,86,90.69,0,0,4,1
422106,AA Kazi,4,2,2,13,12,0,9,144.44,0,0,0,1
642525,SN Khan,45,36,13,453,52,19.69,314,144.26,0,1,44,15
1083033,K Khejroliya,13,2,2,19,18,0,10,190,0,0,0,2
253802,V Kohli,247,234,44,7744,113,40.75,5808,133.33,4,56,718,243
30176,A Kumble,54,21,17,46,8,11.5,59,77.96,0,0,3,0
333780,NJ Maddinson,89,84,8,1801,85,23.69,1373,131.17,0,10,172,75
459257,TS Mills,98,22,10,51,8,4.25,58,87.93,0,0,4,3
450860,AF Milne,84,31,22,165,18,18.33,137,120.43,0,0,12,3
41378,Misbah-ul-Haq,159,138,36,3365,107,32.99,2893,116.31,1,12,217,134
310958,A Mithun,53,25,8,92,12,5.41,77,119.48,0,0,9,3
940973,Mohammed Siraj,35,10,4,36,14,6,36,100,0,0,3,1
353669,R Ninan,2,1,0,3,3,3,6,50,0,0,0,0
6938,AA Noffke,30,23,5,263,34,14.61,189,139.15,0,0,19,11
430401,AUK Pathan,34,33,5,656,87,23.42,441,148.75,0,4,75,28
32389,DT Patil,14,13,0,237,44,18.23,208,113.94,0,0,29,2
52912,R Rampaul,139,43,25,173,23,9.61,167,103.59,0,0,10,6
318845,RR Rossouw,137,132,11,3203,78,26.47,2441,131.21,0,16,324,104
53115,DJG Sammy,281,237,70,3489,71,20.89,2469,141.31,0,6,229,214
379145,T Shamsi,97,22,12,51,15,5.1,93,54.83,0,0,1,1
533042,B Stanlake,38,7,6,22,7,22,25,88,0,0,1,1
311592,MA Starc,85,28,13,124,29,8.26,142,87.32,0,0,11,0
35261,J Syed Mohammad,45,32,14,403,42,22.38,364,110.71,0,0,33,9
47693,JJ van der Wath,109,78,26,862,48,16.57,676,127.51,0,0,52,43
732293,Vishnu Vinod,18,18,1,460,64,27.05,323,142.41,0,2,40,28
221140,D Wiese,172,114,45,1444,71,20.92,992,145.56,0,4,103,74
554699,VH Zol,16,15,0,418,109,27.86,334,125.14,1,2,49,11
942645,KK Ahmed,15,3,3,4,3,0,6,66.66,0,0,0,0
642531,RK Bhui,28,28,7,598,73,28.47,504,118.65,0,5,44,27
249866,AD Hales,191,190,12,5174,116,29.06,3636,142.29,2,32,582,181
25913,Mohammad Nabi,190,153,30,2685,89,21.82,1876,143.12,0,7,186,136
793463,Rashid Khan,134,58,23,463,56,13.22,304,152.3,0,1,27,36
319744,X Thalaivan Sargunam,1,1,0,10,10,10,17,58.82,0,0,0,0
452044,GH Vihari,65,64,7,1219,81,21.38,1097,111.12,0,4,104,26
277906,KS Williamson,166,158,19,4196,101,30.18,3397,123.52,1,28,400,97
